Code,Nom de municipalité,Statut municipal,Date d'incorporation
1023,Les Îles-de-la-Madeleine,M-Municipalité,2002-01-01
1042,Grosse-Île,M-Municipalité,2006-01-01
2005,Percé,V-Ville,1971-01-01
2010,Sainte-Thérèse-de-Gaspé,M-Municipalité,1930-09-06
2015,Grande-Rivière,V-Ville,1974-09-21
2028,Chandler,V-Ville,2001-06-27
2047,Port-Daniel--Gascons,M-Municipalité,2001-01-17
2902,Mont-Alexandre,NO-Territoire non organisé,1855-07-01
3005,Gaspé,V-Ville,1971-01-01
3010,Cloridorme,CT-Municipalité de canton,1885-01-01
3015,Petite-Vallée,M-Municipalité,1957-01-01
3020,Grande-Vallée,M-Municipalité,1927-09-15
3025,Murdochville,V-Ville,1953-07-15
3902,Rivière-Saint-Jean,NO-Territoire non organisé,1855-07-01
3904,Collines-du-Basque,NO-Territoire non organisé,1855-07-01
4005,Sainte-Madeleine-de-la-Rivière-Madeleine,M-Municipalité,1916-01-01
4010,Saint-Maxime-du-Mont-Louis,M-Municipalité,1884-06-10
4015,Mont-Saint-Pierre,VL-Municipalité de village,1947-01-01
4020,Rivière-à-Claude,M-Municipalité,1923-12-18
4025,Marsoui,VL-Municipalité de village,1950-01-01
4030,La Martre,M-Municipalité,1923-12-18
4037,Sainte-Anne-des-Monts,V-Ville,2000-02-02
4047,Cap-Chat,V-Ville,2000-03-15
4902,Mont-Albert,NO-Territoire non organisé,1855-07-01
4904,Coulée-des-Adolphe,NO-Territoire non organisé,1855-07-01
5010,Shigawake,M-Municipalité,1924-12-15
5015,Saint-Godefroi,CT-Municipalité de canton,1914-01-01
5020,Hope Town,M-Municipalité,1936-11-21
5025,Hope,CT-Municipalité de canton,1855-07-01
5032,Paspébiac,V-Ville,1997-08-20
5040,New Carlisle,M-Municipalité,1877-02-01
5045,Bonaventure,V-Ville,1884-01-01
5050,Saint-Elzéar,M-Municipalité,1965-01-01
5055,Saint-Siméon,P-Municipalité de paroisse,1915-01-01
5060,Caplan,M-Municipalité,1875-01-01
5065,Saint-Alphonse,M-Municipalité,1903-01-01
5070,New Richmond,V-Ville,1855-07-01
5077,Cascapédia--Saint-Jules,M-Municipalité,1999-06-02
5902,Rivière-Bonaventure,NO-Territoire non organisé,1855-07-01
6005,Maria,M-Municipalité,1855-07-01
6013,Carleton-sur-Mer,V-Ville,2000-10-04
6020,Nouvelle,M-Municipalité,1908-01-01
6025,Escuminac,M-Municipalité,1908-01-01
6030,Pointe-à-la-Croix,M-Municipalité,1983-05-07
6035,Ristigouche-Partie-Sud-Est,CT-Municipalité de canton,1855-07-01
6040,Saint-André-de-Restigouche,M-Municipalité,1907-01-01
6045,Matapédia,M-Municipalité,1906-01-01
6050,Saint-Alexis-de-Matapédia,M-Municipalité,1855-07-01
6055,Saint-François-d'Assise,M-Municipalité,1926-09-03
6060,L'Ascension-de-Patapédia,M-Municipalité,1968-01-01
6802,Gesgapegiag,R-Réserve indienne,1855-07-01
6804,Listuguj,R-Réserve indienne,1855-07-01
6902,Rivière-Nouvelle,NO-Territoire non organisé,1855-07-01
6904,Ruisseau-Ferguson,NO-Territoire non organisé,1855-07-01
7005,Sainte-Marguerite-Marie,M-Municipalité,1957-01-01
7010,Sainte-Florence,M-Municipalité,1912-01-01
7018,Causapscal,V-Ville,1997-12-31
7025,Albertville,M-Municipalité,1930-11-27
7030,Saint-Léon-le-Grand,P-Municipalité de paroisse,1904-01-01
7035,Saint-Zénon-du-Lac-Humqui,P-Municipalité de paroisse,1920-04-28
7040,Sainte-Irène,P-Municipalité de paroisse,1953-01-01
7047,Amqui,V-Ville,1991-01-16
7057,Lac-au-Saumon,M-Municipalité,1997-12-17
7065,Saint-Alexandre-des-Lacs,P-Municipalité de paroisse,1965-01-01
7070,Saint-Tharcisius,P-Municipalité de paroisse,1937-12-04
7075,Saint-Vianney,M-Municipalité,1926-08-27
7080,Val-Brillant,M-Municipalité,1986-12-20
7085,Sayabec,M-Municipalité,1982-12-24
7090,Saint-Cléophas,P-Municipalité de paroisse,1921-05-19
7095,Saint-Moïse,P-Municipalité de paroisse,1878-01-01
7100,Saint-Noël,VL-Municipalité de village,1906-10-02
7105,Saint-Damase,P-Municipalité de paroisse,1886-01-01
7902,Routhierville,NO-Territoire non organisé,1855-07-01
7904,Rivière-Vaseuse,NO-Territoire non organisé,1855-07-01
7906,Rivière-Patapédia-Est,NO-Territoire non organisé,1855-07-01
7908,Lac-Casault,NO-Territoire non organisé,1855-07-01
7910,Ruisseau-des-Mineurs,NO-Territoire non organisé,1855-07-01
7912,Lac-Alfred,NO-Territoire non organisé,1855-07-01
7914,Lac-Matapédia,NO-Territoire non organisé,1855-07-01
8005,Les Méchins,M-Municipalité,1982-11-27
8010,Saint-Jean-de-Cherbourg,P-Municipalité de paroisse,1954-05-01
8015,Grosses-Roches,M-Municipalité,1939-08-19
8023,Sainte-Félicité,M-Municipalité,1996-01-10
8030,Saint-Adelme,P-Municipalité de paroisse,1933-09-09
8035,Saint-René-de-Matane,M-Municipalité,1982-12-18
8040,Sainte-Paule,M-Municipalité,1968-01-01
8053,Matane,V-Ville,2001-09-26
8065,Saint-Léandre,P-Municipalité de paroisse,1913-01-01
8073,Saint-Ulric,M-Municipalité,2000-01-12
8080,Baie-des-Sables,M-Municipalité,1859-01-01
8902,Rivière-Bonjour,NO-Territoire non organisé,1855-07-01
9005,La Rédemption,P-Municipalité de paroisse,1956-01-01
9010,Saint-Charles-Garnier,P-Municipalité de paroisse,1966-01-01
9015,Les Hauteurs,M-Municipalité,1918-11-07
9020,Sainte-Jeanne-d'Arc,P-Municipalité de paroisse,1922-01-30
9025,Saint-Gabriel-de-Rimouski,M-Municipalité,1989-01-07
9030,Saint-Donat,P-Municipalité de paroisse,1869-03-10
9035,Sainte-Angèle-de-Mérici,M-Municipalité,1989-04-26
9040,Padoue,M-Municipalité,1912-01-01
9048,Métis-sur-Mer,V-Ville,2002-07-04
9055,Saint-Octave-de-Métis,P-Municipalité de paroisse,1931-10-24
9060,Grand-Métis,M-Municipalité,1855-09-13
9065,Price,VL-Municipalité de village,1926-03-03
9070,Saint-Joseph-de-Lepage,P-Municipalité de paroisse,1873-09-29
9077,Mont-Joli,V-Ville,2001-06-13
9085,Sainte-Flavie,P-Municipalité de paroisse,1855-07-01
9092,Sainte-Luce,M-Municipalité,2001-08-29
9902,Lac-des-Eaux-Mortes,NO-Territoire non organisé,1855-07-01
9904,Lac-à-la-Croix,NO-Territoire non organisé,1855-07-01
10005,Esprit-Saint,M-Municipalité,1972-05-13
10010,La Trinité-des-Monts,P-Municipalité de paroisse,1965-01-01
10015,Saint-Narcisse-de-Rimouski,P-Municipalité de paroisse,1922-02-13
10025,Saint-Marcellin,P-Municipalité de paroisse,1924-11-19
10030,Saint-Anaclet-de-Lessard,P-Municipalité de paroisse,1859-05-08
10043,Rimouski,V-Ville,2002-01-01
10060,Saint-Valérien,P-Municipalité de paroisse,1885-06-19
10070,Saint-Fabien,P-Municipalité de paroisse,1855-07-01
10075,Saint-Eugène-de-Ladrière,P-Municipalité de paroisse,1962-01-01
10902,Lac-Huron,NO-Territoire non organisé,1855-07-01
11005,Saint-Clément,M-Municipalité,1885-01-01
11010,Saint-Jean-de-Dieu,M-Municipalité,1865-01-01
11015,Sainte-Rita,M-Municipalité,1948-01-01
11020,Saint-Guy,M-Municipalité,1958-01-01
11025,Saint-Médard,M-Municipalité,1949-01-01
11030,Sainte-Françoise,P-Municipalité de paroisse,1873-12-06
11035,Saint-Éloi,P-Municipalité de paroisse,1855-07-01
11040,Trois-Pistoles,V-Ville,1916-03-09
11045,Notre-Dame-des-Neiges,M-Municipalité,1855-07-01
11050,Saint-Mathieu-de-Rioux,P-Municipalité de paroisse,1865-08-18
11055,Saint-Simon,P-Municipalité de paroisse,1855-07-01
11902,Lac-Boisbouscache,NO-Territoire non organisé,1855-07-01
12005,Saint-Cyprien,M-Municipalité,1883-01-01
12010,Saint-Hubert-de-Rivière-du-Loup,M-Municipalité,1895-01-01
12015,Saint-Antonin,M-Municipalité,1856-12-11
12020,Saint-Modeste,M-Municipalité,1855-07-01
12025,Saint-François-Xavier-de-Viger,M-Municipalité,1950-01-01
12030,Saint-Épiphane,M-Municipalité,1855-07-01
12035,Saint-Paul-de-la-Croix,P-Municipalité de paroisse,1873-01-01
12043,L'Isle-Verte,M-Municipalité,2000-02-09
12045,Notre-Dame-des-Sept-Douleurs,P-Municipalité de paroisse,1911-06-14
12057,Cacouna,M-Municipalité,2006-03-22
12065,Saint-Arsène,P-Municipalité de paroisse,1855-07-01
12072,Rivière-du-Loup,V-Ville,1998-12-30
12080,Notre-Dame-du-Portage,M-Municipalité,1856-07-19
12802,Whitworth,R-Réserve indienne,1855-07-01
12804,Cacouna,R-Réserve indienne,1855-07-01
13005,Dégelis,V-Ville,1885-09-24
13010,Saint-Jean-de-la-Lande,M-Municipalité,1965-01-01
13015,Packington,P-Municipalité de paroisse,1925-10-06
13020,Saint-Marc-du-Lac-Long,P-Municipalité de paroisse,1938-06-11
13025,Rivière-Bleue,M-Municipalité,1975-06-14
13030,Saint-Eusèbe,P-Municipalité de paroisse,1912-01-01
13040,Saint-Juste-du-Lac,M-Municipalité,1923-05-23
13045,Auclair,M-Municipalité,1954-01-01
13050,Lejeune,M-Municipalité,1964-01-01
13055,Biencourt,M-Municipalité,1947-01-01
13060,Lac-des-Aigles,M-Municipalité,1948-01-01
13065,Saint-Michel-du-Squatec,M-Municipalité,1928-04-16
13073,Témiscouata-sur-le-Lac,V-Ville,2010-05-05
13075,Saint-Pierre-de-Lamy,M-Municipalité,1977-06-04
13080,Saint-Louis-du-Ha! Ha!,P-Municipalité de paroisse,1874-07-14
13085,Saint-Elzéar-de-Témiscouata,M-Municipalité,1938-11-19
13090,Saint-Honoré-de-Témiscouata,M-Municipalité,1881-07-01
13095,Pohénégamook,V-Ville,1973-11-03
13100,Saint-Athanase,M-Municipalité,1955-01-01
14005,Mont-Carmel,M-Municipalité,1855-07-01
14010,Saint-Bruno-de-Kamouraska,M-Municipalité,1887-01-01
14018,Saint-Pascal,V-Ville,2000-03-01
14025,Sainte-Hélène-de-Kamouraska,M-Municipalité,1855-07-01
14030,Saint-Joseph-de-Kamouraska,P-Municipalité de paroisse,1924-01-14
14035,Saint-Alexandre-de-Kamouraska,M-Municipalité,1857-11-23
14040,Saint-André,M-Municipalité,1987-02-14
14045,Saint-Germain,P-Municipalité de paroisse,1893-06-29
14050,Kamouraska,M-Municipalité,1987-04-25
14055,Saint-Denis-De La Bouteillerie,M-Municipalité,1855-07-01
14060,Saint-Philippe-de-Néri,P-Municipalité de paroisse,1875-12-29
14065,Rivière-Ouelle,M-Municipalité,1855-07-01
14070,Saint-Pacôme,M-Municipalité,1980-01-05
14075,Saint-Gabriel-Lalemant,M-Municipalité,1939-05-27
14080,Saint-Onésime-d'Ixworth,M-Municipalité,1859-05-13
14085,La Pocatière,V-Ville,1960-01-01
14090,Sainte-Anne-de-la-Pocatière,P-Municipalité de paroisse,1855-07-01
14902,Picard,NO-Territoire non organisé,1855-07-01
14904,Petit-Lac-Sainte-Anne,NO-Territoire non organisé,1855-07-01
15005,Saint-Irénée,P-Municipalité de paroisse,1855-07-01
15013,La Malbaie,V-Ville,1999-12-01
15025,Notre-Dame-des-Monts,M-Municipalité,1935-04-11
15030,Saint-Aimé-des-Lacs,M-Municipalité,1950-01-01
15035,Clermont,V-Ville,1935-02-06
15058,Saint-Siméon,M-Municipalité,2001-04-25
15065,Baie-Sainte-Catherine,M-Municipalité,1904-01-01
15902,Mont-Élie,NO-Territoire non organisé,1855-07-01
15904,Sagard,NO-Territoire non organisé,1855-07-01
16005,Petite-Rivière-Saint-François,M-Municipalité,1855-07-01
16013,Baie-Saint-Paul,V-Ville,1996-01-03
16023,L'Isle-aux-Coudres,M-Municipalité,2000-08-23
16048,Les Éboulements,M-Municipalité,2001-09-19
16050,Saint-Hilarion,P-Municipalité de paroisse,1855-07-01
16055,Saint-Urbain,P-Municipalité de paroisse,1855-07-01
16902,Lac-Pikauba,NO-Territoire non organisé,1855-07-01
17005,Saint-Omer,M-Municipalité,1954-01-01
17010,Saint-Pamphile,V-Ville,1889-01-01
17015,Saint-Adalbert,M-Municipalité,1912-01-01
17020,Saint-Marcel,M-Municipalité,1904-07-30
17025,Sainte-Félicité,M-Municipalité,1950-01-01
17030,Sainte-Perpétue,M-Municipalité,1889-01-01
17035,Tourville,M-Municipalité,1918-11-14
17040,Saint-Damase-de-L'Islet,M-Municipalité,1898-11-09
17045,Saint-Cyrille-de-Lessard,P-Municipalité de paroisse,1855-07-01
17055,Saint-Aubert,M-Municipalité,1857-07-01
17060,Sainte-Louise,P-Municipalité de paroisse,1860-12-11
17065,Saint-Roch-des-Aulnaies,P-Municipalité de paroisse,1855-07-01
17070,Saint-Jean-Port-Joli,M-Municipalité,1855-07-01
17078,L'Islet,M-Municipalité,2000-01-01
18005,Saint-Just-de-Bretenières,M-Municipalité,1918-05-27
18010,Lac-Frontière,M-Municipalité,1917-01-01
18015,Saint-Fabien-de-Panet,P-Municipalité de paroisse,1908-01-01
18020,Sainte-Lucie-de-Beauregard,M-Municipalité,1924-11-18
18025,Sainte-Apolline-de-Patton,P-Municipalité de paroisse,1910-01-01
18030,Saint-Paul-de-Montminy,M-Municipalité,1862-01-01
18035,Sainte-Euphémie-sur-Rivière-du-Sud,M-Municipalité,1908-01-01
18040,Notre-Dame-du-Rosaire,M-Municipalité,1895-01-01
18045,Cap-Saint-Ignace,M-Municipalité,1855-07-01
18050,Montmagny,V-Ville,1966-04-02
18055,Saint-Pierre-de-la-Rivière-du-Sud,P-Municipalité de paroisse,1855-07-01
18060,Saint-François-de-la-Rivière-du-Sud,M-Municipalité,1855-07-01
18065,Berthier-sur-Mer,M-Municipalité,1855-07-01
18070,Saint-Antoine-de-l'Isle-aux-Grues,P-Municipalité de paroisse,1855-07-01
19005,Saint-Philémon,P-Municipalité de paroisse,1893-01-01
19010,Notre-Dame-Auxiliatrice-de-Buckland,P-Municipalité de paroisse,1895-01-01
19015,Saint-Nazaire-de-Dorchester,P-Municipalité de paroisse,1906-03-09
19020,Saint-Léon-de-Standon,P-Municipalité de paroisse,1874-01-01
19025,Saint-Malachie,P-Municipalité de paroisse,1874-06-01
19030,Saint-Damien-de-Buckland,P-Municipalité de paroisse,1891-01-01
19037,Armagh,M-Municipalité,1993-12-29
19045,Saint-Nérée-de-Bellechasse,M-Municipalité,1887-03-29
19050,Saint-Lazare-de-Bellechasse,M-Municipalité,1855-07-01
19055,Sainte-Claire,M-Municipalité,1977-10-01
19062,Saint-Anselme,M-Municipalité,1998-01-07
19068,Saint-Henri,M-Municipalité,2002-01-01
19070,Honfleur,M-Municipalité,1915-03-05
19075,Saint-Gervais,M-Municipalité,1855-07-01
19082,Saint-Raphaël,M-Municipalité,1993-12-08
19090,La Durantaye,P-Municipalité de paroisse,1910-08-04
19097,Saint-Charles-de-Bellechasse,M-Municipalité,1993-12-22
19105,Beaumont,M-Municipalité,1855-07-01
19110,Saint-Michel-de-Bellechasse,M-Municipalité,1855-07-01
19117,Saint-Vallier,M-Municipalité,1993-03-10
20005,Saint-François-de-l'Île-d'Orléans,M-Municipalité,1855-07-01
20010,Sainte-Famille-de-l'Île-d'Orléans,M-Municipalité,1855-07-01
20015,Saint-Jean-de-l'Île-d'Orléans,M-Municipalité,1855-07-01
20020,Saint-Laurent-de-l'Île-d'Orléans,M-Municipalité,1855-07-01
20025,Saint-Pierre-de-l'Île-d'Orléans,M-Municipalité,1855-07-01
20030,Sainte-Pétronille,VL-Municipalité de village,1874-01-01
21005,Saint-Tite-des-Caps,M-Municipalité,1872-12-24
21010,Saint-Ferréol-les-Neiges,M-Municipalité,1855-07-01
21015,Saint-Louis-de-Gonzague-du-Cap-Tourmente,P-Municipalité de paroisse,1917-01-01
21020,Saint-Joachim,P-Municipalité de paroisse,1855-07-01
21025,Beaupré,V-Ville,1928-04-23
21030,Sainte-Anne-de-Beaupré,V-Ville,1973-01-27
21035,Château-Richer,V-Ville,1855-07-01
21040,L'Ange-Gardien,M-Municipalité,1855-07-01
21045,Boischatel,M-Municipalité,1920-04-03
21902,Sault-au-Cochon,NO-Territoire non organisé,1855-07-01
21904,Lac-Jacques-Cartier,NO-Territoire non organisé,1855-07-01
22005,Sainte-Catherine-de-la-Jacques-Cartier,V-Ville,1855-07-01
22010,Fossambault-sur-le-Lac,V-Ville,1949-03-10
22015,Lac-Saint-Joseph,V-Ville,1936-06-10
22020,Shannon,V-Ville,1947-01-01
22025,Saint-Gabriel-de-Valcartier,M-Municipalité,1985-10-05
22030,Lac-Delage,V-Ville,1959-02-11
22035,Stoneham-et-Tewkesbury,CU-Municipalité de cantons unis,1855-07-01
22040,Lac-Beauport,M-Municipalité,1855-07-01
22045,Sainte-Brigitte-de-Laval,V-Ville,1875-02-11
22902,Lac-Croche,NO-Territoire non organisé,1855-07-01
23015,Notre-Dame-des-Anges,P-Municipalité de paroisse,1883-10-01
23027,Québec,V-Ville,2002-01-01
23057,L'Ancienne-Lorette,V-Ville,2006-01-01
23072,Saint-Augustin-de-Desmaures,V-Ville,2006-01-01
23802,Wendake,R-Réserve indienne,1855-07-01
25213,Lévis,V-Ville,2002-01-01
26005,Frampton,M-Municipalité,1855-07-01
26010,Saints-Anges,P-Municipalité de paroisse,1880-12-29
26015,Vallée-Jonction,M-Municipalité,1989-03-22
26022,Saint-Elzéar,M-Municipalité,1994-11-30
26030,Sainte-Marie,V-Ville,1978-04-15
26035,Sainte-Marguerite,P-Municipalité de paroisse,1855-07-01
26040,Sainte-Hénédine,P-Municipalité de paroisse,1855-07-01
26048,Scott,M-Municipalité,1995-03-29
26055,Saint-Bernard,M-Municipalité,1987-05-09
26063,Saint-Isidore,M-Municipalité,1993-09-22
26070,Saint-Lambert-de-Lauzon,M-Municipalité,2002-01-01
27008,Saint-Victor,M-Municipalité,1996-12-31
27015,Saint-Alfred,M-Municipalité,1950-01-01
27028,Beauceville,V-Ville,1998-02-25
27035,Saint-Odilon-de-Cranbourne,P-Municipalité de paroisse,1855-07-01
27043,Saint-Joseph-de-Beauce,V-Ville,1999-01-27
27050,Saint-Joseph-des-Érables,M-Municipalité,1938-11-26
27055,Saint-Jules,P-Municipalité de paroisse,1919-05-28
27060,Tring-Jonction,VL-Municipalité de village,1918-11-21
27065,Saint-Frédéric,P-Municipalité de paroisse,1856-08-28
27070,Saint-Séverin,P-Municipalité de paroisse,1875-12-24
28005,Saint-Zacharie,M-Municipalité,1990-04-18
28015,Sainte-Aurélie,M-Municipalité,1909-04-03
28020,Saint-Prosper,M-Municipalité,1888-01-01
28025,Saint-Benjamin,M-Municipalité,1897-01-09
28030,Sainte-Rose-de-Watford,M-Municipalité,1898-01-01
28035,Saint-Louis-de-Gonzague,M-Municipalité,1923-03-17
28040,Saint-Cyprien,P-Municipalité de paroisse,1918-02-22
28045,Sainte-Justine,M-Municipalité,1893-01-01
28053,Lac-Etchemin,M-Municipalité,2001-10-10
28060,Saint-Luc-de-Bellechasse,M-Municipalité,1921-08-12
28065,Sainte-Sabine,P-Municipalité de paroisse,1909-01-01
28070,Saint-Camille-de-Lellis,P-Municipalité de paroisse,1904-01-11
28075,Saint-Magloire,M-Municipalité,1875-01-01
29005,Saint-Théophile,M-Municipalité,1975-06-28
29013,Saint-Gédéon-de-Beauce,M-Municipalité,2003-02-12
29020,Saint-Hilaire-de-Dorset,P-Municipalité de paroisse,1916-04-12
29025,Saint-Évariste-de-Forsyth,M-Municipalité,1870-03-01
29030,La Guadeloupe,VL-Municipalité de village,1929-08-06
29038,Saint-Honoré-de-Shenley,M-Municipalité,2000-04-19
29045,Saint-Martin,P-Municipalité de paroisse,1912-01-01
29050,Saint-René,P-Municipalité de paroisse,1945-01-01
29057,Saint-Côme--Linière,M-Municipalité,1994-04-13
29065,Saint-Philibert,M-Municipalité,1921-02-25
29073,Saint-Georges,V-Ville,2001-09-26
29095,Lac-Poulin,VL-Municipalité de village,1959-03-05
29100,Saint-Benoît-Labre,M-Municipalité,1895-01-01
29112,Saint-Éphrem-de-Beauce,M-Municipalité,1997-12-24
29120,Notre-Dame-des-Pins,P-Municipalité de paroisse,1926-06-29
29125,Saint-Simon-les-Mines,M-Municipalité,1950-06-01
30005,Saint-Augustin-de-Woburn,P-Municipalité de paroisse,1901-01-01
30010,Notre-Dame-des-Bois,M-Municipalité,1877-01-01
30015,Val-Racine,M-Municipalité,1908-01-01
30020,Piopolis,M-Municipalité,1880-01-01
30025,Frontenac,M-Municipalité,1882-01-01
30030,Lac-Mégantic,V-Ville,1907-03-14
30035,Marston,CT-Municipalité de canton,1874-01-01
30040,Milan,M-Municipalité,1948-06-01
30045,Nantes,M-Municipalité,1874-01-01
30050,Sainte-Cécile-de-Whitton,M-Municipalité,1890-01-01
30055,Audet,M-Municipalité,1904-01-01
30070,Saint-Robert-Bellarmin,M-Municipalité,1949-01-01
30072,Saint-Ludger,M-Municipalité,1998-02-25
30080,Lac-Drolet,M-Municipalité,1855-01-01
30085,Saint-Sébastien,M-Municipalité,1975-03-15
30090,Courcelles,M-Municipalité,1905-01-01
30095,Lambton,M-Municipalité,1976-12-23
30100,Saint-Romain,M-Municipalité,1858-01-01
30105,Stornoway,M-Municipalité,1858-01-01
30110,Stratford,CT-Municipalité de canton,1874-01-01
31008,Beaulac-Garthby,M-Municipalité,2000-03-15
31015,Disraeli,V-Ville,1904-11-19
31020,Disraeli,P-Municipalité de paroisse,1883-01-01
31025,Saint-Jacques-le-Majeur-de-Wolfestown,P-Municipalité de paroisse,1910-01-01
31030,Saint-Fortunat,M-Municipalité,1873-01-01
31035,Saint-Julien,M-Municipalité,1855-07-01
31040,Irlande,M-Municipalité,1855-07-01
31045,Saint-Joseph-de-Coleraine,M-Municipalité,1892-01-01
31050,Sainte-Praxède,P-Municipalité de paroisse,1944-01-01
31056,Adstock,M-Municipalité,2001-10-24
31060,Sainte-Clotilde-de-Beauce,M-Municipalité,1938-11-19
31084,Thetford Mines,V-Ville,2001-10-17
31095,Saint-Adrien-d'Irlande,M-Municipalité,1873-01-01
31100,Saint-Jean-de-Brébeuf,M-Municipalité,1946-01-01
31105,Kinnear's Mills,M-Municipalité,1855-07-01
31122,East Broughton,M-Municipalité,1994-01-05
31130,Sacré-Coeur-de-Jésus,P-Municipalité de paroisse,1903-01-01
31135,Saint-Pierre-de-Broughton,M-Municipalité,1974-10-12
31140,Saint-Jacques-de-Leeds,M-Municipalité,1929-09-23
32013,Saint-Ferdinand,M-Municipalité,2000-11-29
32023,Sainte-Sophie-d'Halifax,M-Municipalité,1997-12-17
32033,Princeville,V-Ville,2000-02-23
32040,Plessisville,V-Ville,1855-04-27
32045,Plessisville,P-Municipalité de paroisse,1855-07-01
32050,Saint-Pierre-Baptiste,P-Municipalité de paroisse,1888-01-01
32058,Inverness,M-Municipalité,1998-09-09
32065,Lyster,M-Municipalité,1976-09-18
32072,Laurierville,M-Municipalité,1997-11-26
32080,Notre-Dame-de-Lourdes,P-Municipalité de paroisse,1898-01-01
32085,Villeroy,M-Municipalité,1924-09-22
33007,Saint-Sylvestre,M-Municipalité,1996-12-04
33017,Sainte-Agathe-de-Lotbinière,M-Municipalité,1999-02-03
33025,Saint-Patrice-de-Beaurivage,M-Municipalité,1984-09-29
33030,Saint-Narcisse-de-Beaurivage,P-Municipalité de paroisse,1874-05-01
33035,Saint-Gilles,M-Municipalité,1855-07-01
33040,Dosquet,M-Municipalité,1912-12-24
33045,Saint-Agapit,M-Municipalité,1979-04-14
33052,Saint-Flavien,M-Municipalité,1999-12-29
33060,Laurier-Station,VL-Municipalité de village,1951-01-01
33065,Saint-Janvier-de-Joly,M-Municipalité,1944-01-01
33070,Val-Alain,M-Municipalité,1950-01-01
33080,Saint-Édouard-de-Lotbinière,P-Municipalité de paroisse,1862-12-01
33085,Notre-Dame-du-Sacré-Coeur-d'Issoudun,P-Municipalité de paroisse,1909-01-04
33090,Saint-Apollinaire,M-Municipalité,1974-04-06
33095,Saint-Antoine-de-Tilly,M-Municipalité,1855-07-01
33102,Sainte-Croix,M-Municipalité,2001-10-05
33115,Lotbinière,M-Municipalité,1979-01-01
33123,Leclercville,M-Municipalité,2000-01-26
34007,Neuville,V-Ville,1997-01-02
34017,Pont-Rouge,V-Ville,1996-01-03
34025,Donnacona,V-Ville,1967-01-21
34030,Cap-Santé,V-Ville,1855-07-01
34038,Saint-Basile,V-Ville,2000-03-01
34048,Portneuf,V-Ville,2002-07-04
34058,Deschambault-Grondines,M-Municipalité,2002-02-27
34060,Saint-Gilbert,P-Municipalité de paroisse,1893-04-27
34065,Saint-Marc-des-Carrières,V-Ville,1918-10-24
34078,Saint-Casimir,M-Municipalité,2000-06-21
34085,Saint-Thuribe,P-Municipalité de paroisse,1898-02-14
34090,Saint-Ubalde,M-Municipalité,1973-03-03
34097,Saint-Alban,M-Municipalité,1991-12-31
34105,Sainte-Christine-d'Auvergne,M-Municipalité,1896-04-10
34115,Saint-Léonard-de-Portneuf,M-Municipalité,1899-07-22
34120,Lac-Sergent,V-Ville,1921-02-25
34128,Saint-Raymond,V-Ville,1995-03-29
34135,Rivière-à-Pierre,M-Municipalité,1897-10-11
34902,Lac-Blanc,NO-Territoire non organisé,1855-07-01
34904,Linton,NO-Territoire non organisé,1855-07-01
34906,Lac-Lapeyrère,NO-Territoire non organisé,1855-07-01
35005,Notre-Dame-de-Montauban,M-Municipalité,1976-01-03
35010,Lac-aux-Sables,P-Municipalité de paroisse,1899-04-24
35015,Saint-Adelphe,P-Municipalité de paroisse,1891-10-19
35020,Saint-Séverin,P-Municipalité de paroisse,1890-04-11
35027,Saint-Tite,V-Ville,1998-12-23
35035,Hérouxville,P-Municipalité de paroisse,1904-04-13
35040,Grandes-Piles,VL-Municipalité de village,1885-08-10
35045,Saint-Roch-de-Mékinac,P-Municipalité de paroisse,1905-11-02
35050,Sainte-Thècle,M-Municipalité,1989-06-07
35055,Trois-Rives,M-Municipalité,1972-09-02
35902,Lac-Masketsi,NO-Territoire non organisé,1855-07-01
35904,Lac-Normand,NO-Territoire non organisé,1855-07-01
35906,Rivière-de-la-Savane,NO-Territoire non organisé,1855-07-01
35908,Lac-Boulé,NO-Territoire non organisé,1855-07-01
36033,Shawinigan,V-Ville,2002-01-01
37067,Trois-Rivières,V-Ville,2002-01-01
37205,Sainte-Anne-de-la-Pérade,M-Municipalité,2002-01-01
37210,Batiscan,M-Municipalité,2002-01-01
37215,Sainte-Geneviève-de-Batiscan,P-Municipalité de paroisse,2002-01-01
37220,Champlain,M-Municipalité,2002-01-01
37225,Saint-Luc-de-Vincennes,M-Municipalité,2002-01-01
37230,Saint-Maurice,P-Municipalité de paroisse,2002-01-01
37235,Notre-Dame-du-Mont-Carmel,P-Municipalité de paroisse,2002-01-01
37240,Saint-Narcisse,P-Municipalité de paroisse,2002-01-01
37245,Saint-Stanislas,M-Municipalité,2002-01-01
37250,Saint-Prosper-de-Champlain,M-Municipalité,2002-01-01
38005,Saint-Sylvère,M-Municipalité,1976-09-18
38010,Bécancour,V-Ville,1965-10-09
38015,Sainte-Marie-de-Blandford,M-Municipalité,1976-12-23
38020,Lemieux,M-Municipalité,1922-08-14
38028,Manseau,M-Municipalité,1997-12-31
38035,Sainte-Françoise,M-Municipalité,1947-01-01
38040,Sainte-Sophie-de-Lévrard,P-Municipalité de paroisse,1875-04-23
38047,Fortierville,M-Municipalité,1998-06-03
38055,Parisville,P-Municipalité de paroisse,1901-03-18
38060,Sainte-Cécile-de-Lévrard,P-Municipalité de paroisse,1908-09-01
38065,Saint-Pierre-les-Becquets,M-Municipalité,1986-02-22
38070,Deschaillons-sur-Saint-Laurent,M-Municipalité,1990-05-23
38802,Wôlinak,R-Réserve indienne,1855-07-01
39005,Saints-Martyrs-Canadiens,P-Municipalité de paroisse,1945-01-01
39010,Ham-Nord,CT-Municipalité de canton,1864-01-01
39015,Notre-Dame-de-Ham,M-Municipalité,1899-01-01
39020,Saint-Rémi-de-Tingwick,M-Municipalité,1882-01-01
39025,Tingwick,M-Municipalité,1981-12-12
39030,Chesterville,M-Municipalité,1982-12-18
39035,Sainte-Hélène-de-Chester,M-Municipalité,1859-01-01
39043,Saint-Norbert-d'Arthabaska,M-Municipalité,2009-10-21
39060,Saint-Christophe-d'Arthabaska,P-Municipalité de paroisse,1855-07-01
39062,Victoriaville,V-Ville,1993-06-23
39077,Warwick,V-Ville,2000-03-15
39085,Saint-Albert,M-Municipalité,1864-01-01
39090,Sainte-Élizabeth-de-Warwick,M-Municipalité,1887-05-18
39097,Kingsey Falls,V-Ville,1997-12-31
39105,Sainte-Séraphine,P-Municipalité de paroisse,1931-03-07
39117,Sainte-Clotilde-de-Horton,M-Municipalité,1997-03-26
39130,Saint-Samuel,M-Municipalité,1878-03-09
39135,Saint-Valère,M-Municipalité,1862-01-01
39145,Saint-Rosaire,P-Municipalité de paroisse,1897-01-01
39152,Daveluyville,V-Ville,2016-03-09
39165,Maddington Falls,M-Municipalité,1903-01-01
39170,Saint-Louis-de-Blandford,M-Municipalité,1855-07-01
40005,Ham-Sud,M-Municipalité,1879-01-01
40010,Saint-Adrien,M-Municipalité,1879-01-01
40017,Wotton,M-Municipalité,1993-03-10
40025,Saint-Camille,CT-Municipalité de canton,1860-01-01
40032,Saint-Georges-de-Windsor,M-Municipalité,1994-11-30
40043,Asbestos,V-Ville,1999-12-08
40047,Danville,V-Ville,1999-03-17
41012,Saint-Isidore-de-Clifton,M-Municipalité,1997-12-24
41020,Chartierville,M-Municipalité,1879-01-01
41027,La Patrie,M-Municipalité,1997-12-24
41037,Newport,M-Municipalité,2006-01-01
41038,Cookshire-Eaton,V-Ville,2002-07-24
41055,Ascot Corner,M-Municipalité,1901-03-28
41060,East Angus,V-Ville,1912-03-14
41065,Westbury,CT-Municipalité de canton,1858-08-16
41070,Bury,M-Municipalité,1855-07-01
41075,Hampden,CT-Municipalité de canton,1874-01-01
41080,Scotstown,V-Ville,1892-06-24
41085,Lingwick,CT-Municipalité de canton,1855-07-01
41098,Weedon,M-Municipalité,2000-02-09
41117,Dudswell,M-Municipalité,1995-10-11
42005,Stoke,M-Municipalité,1864-01-01
42020,Saint-François-Xavier-de-Brompton,M-Municipalité,1888-01-01
42025,Saint-Denis-de-Brompton,M-Municipalité,1935-03-06
42032,Racine,M-Municipalité,1995-02-15
42040,Bonsecours,M-Municipalité,1906-01-01
42045,Lawrenceville,VL-Municipalité de village,1905-04-27
42050,Sainte-Anne-de-la-Rochelle,M-Municipalité,1855-07-01
42055,Valcourt,V-Ville,1929-10-19
42060,Valcourt,CT-Municipalité de canton,1855-07-01
42065,Maricourt,M-Municipalité,1864-01-01
42070,Kingsbury,VL-Municipalité de village,1896-07-07
42075,Melbourne,CT-Municipalité de canton,1855-07-01
42078,Ulverton,M-Municipalité,1999-12-15
42088,Windsor,V-Ville,1999-12-29
42095,Val-Joli,M-Municipalité,1855-07-01
42098,Richmond,V-Ville,1999-12-29
42100,Saint-Claude,M-Municipalité,1913-01-01
42110,Cleveland,CT-Municipalité de canton,1855-07-01
43027,Sherbrooke,V-Ville,2002-01-01
44003,Saint-Malo,M-Municipalité,1997-04-30
44005,Saint-Venant-de-Paquette,M-Municipalité,1917-06-11
44010,East Hereford,M-Municipalité,1855-07-01
44015,Saint-Herménégilde,M-Municipalité,1985-10-12
44023,Dixville,M-Municipalité,1995-09-27
44037,Coaticook,V-Ville,1998-12-30
44045,Barnston-Ouest,M-Municipalité,1946-01-01
44050,Stanstead-Est,M-Municipalité,1932-07-16
44055,Sainte-Edwidge-de-Clifton,CT-Municipalité de canton,1895-12-21
44060,Martinville,M-Municipalité,1855-07-01
44071,Compton,M-Municipalité,1999-12-08
44080,Waterville,V-Ville,2002-01-01
45008,Stanstead,V-Ville,1995-02-15
45020,Ogden,M-Municipalité,1932-01-23
45025,Stanstead,CT-Municipalité de canton,1855-07-01
45030,Potton,CT-Municipalité de canton,1855-07-01
45035,Ayer's Cliff,VL-Municipalité de village,1909-02-04
45043,Hatley,M-Municipalité,1995-09-27
45050,North Hatley,VL-Municipalité de village,1897-10-25
45055,Hatley,CT-Municipalité de canton,1855-07-01
45060,Sainte-Catherine-de-Hatley,M-Municipalité,1901-03-28
45072,Magog,V-Ville,2002-10-09
45080,Saint-Benoît-du-Lac,M-Municipalité,1939-03-16
45085,Austin,M-Municipalité,1938-11-05
45093,Eastman,M-Municipalité,2001-05-30
45095,Bolton-Est,M-Municipalité,1876-12-28
45100,Saint-Étienne-de-Bolton,M-Municipalité,1939-05-27
45105,Stukely-Sud,VL-Municipalité de village,1935-09-14
45115,Orford,CT-Municipalité de canton,1855-07-01
46005,Abercorn,VL-Municipalité de village,1929-06-25
46010,Frelighsburg,M-Municipalité,1985-09-28
46017,Saint-Armand,M-Municipalité,1999-02-03
46025,Pike River,M-Municipalité,1912-04-03
46030,Stanbridge Station,M-Municipalité,1889-03-21
46035,Bedford,V-Ville,1890-11-21
46040,Bedford,CT-Municipalité de canton,1919-03-04
46045,Stanbridge East,M-Municipalité,1855-07-01
46050,Dunham,V-Ville,1971-09-25
46058,Sutton,V-Ville,2002-07-04
46065,Bolton-Ouest,M-Municipalité,1876-12-28
46070,Brome,VL-Municipalité de village,1923-06-20
46075,Lac-Brome,V-Ville,1971-01-02
46078,Bromont,V-Ville,2010-01-01
46080,Cowansville,V-Ville,1931-07-11
46085,East Farnham,M-Municipalité,1914-08-27
46090,Brigham,M-Municipalité,1855-07-01
46095,Saint-Ignace-de-Stanbridge,M-Municipalité,1889-03-21
46100,Notre-Dame-de-Stanbridge,M-Municipalité,1889-03-23
46105,Sainte-Sabine,M-Municipalité,1921-03-19
46112,Farnham,V-Ville,2000-03-08
47010,Saint-Alphonse-de-Granby,M-Municipalité,1890-12-30
47017,Granby,V-Ville,2007-01-01
47025,Waterloo,V-Ville,1867-01-01
47030,Warden,VL-Municipalité de village,1916-03-31
47035,Shefford,CT-Municipalité de canton,1855-07-01
47040,Saint-Joachim-de-Shefford,M-Municipalité,1884-06-10
47047,Roxton Pond,M-Municipalité,1997-12-17
47055,Sainte-Cécile-de-Milton,M-Municipalité,1864-01-01
48005,Béthanie,M-Municipalité,1920-03-02
48010,Roxton Falls,VL-Municipalité de village,1863-01-01
48015,Roxton,CT-Municipalité de canton,1855-07-01
48020,Sainte-Christine,P-Municipalité de paroisse,1894-01-08
48028,Acton Vale,V-Ville,2000-01-26
48038,Upton,M-Municipalité,1998-02-25
48045,Saint-Théodore-d'Acton,M-Municipalité,1864-01-01
48050,Saint-Nazaire-d'Acton,P-Municipalité de paroisse,1894-01-08
49005,Saint-Félix-de-Kingsey,M-Municipalité,1855-07-01
49015,Durham-Sud,M-Municipalité,1975-11-01
49020,Lefebvre,M-Municipalité,1922-10-10
49025,L'Avenir,M-Municipalité,1976-12-23
49030,Saint-Lucien,M-Municipalité,1908-01-01
49040,Wickham,M-Municipalité,1972-12-23
49048,Saint-Germain-de-Grantham,M-Municipalité,1995-02-22
49058,Drummondville,V-Ville,2004-07-07
49070,Saint-Cyrille-de-Wendover,M-Municipalité,1905-09-06
49075,Notre-Dame-du-Bon-Conseil,VL-Municipalité de village,1957-01-01
49080,Notre-Dame-du-Bon-Conseil,P-Municipalité de paroisse,1898-02-15
49085,Sainte-Brigitte-des-Saults,P-Municipalité de paroisse,1878-03-09
49095,Saint-Majorique-de-Grantham,P-Municipalité de paroisse,1902-01-01
49100,Saint-Edmond-de-Grantham,P-Municipalité de paroisse,1918-02-09
49105,Saint-Eugène,M-Municipalité,1879-10-31
49113,Saint-Guillaume,M-Municipalité,1995-11-08
49125,Saint-Bonaventure,M-Municipalité,1867-01-01
49130,Saint-Pie-de-Guire,P-Municipalité de paroisse,1866-06-14
50005,Sainte-Eulalie,M-Municipalité,1864-07-01
50013,Aston-Jonction,M-Municipalité,1997-03-26
50023,Saint-Wenceslas,M-Municipalité,1995-10-11
50030,Saint-Célestin,VL-Municipalité de village,1896-11-25
50035,Saint-Célestin,M-Municipalité,1864-07-01
50042,Saint-Léonard-d'Aston,M-Municipalité,1994-04-13
50050,Sainte-Perpétue,P-Municipalité de paroisse,1878-03-09
50057,Sainte-Monique,M-Municipalité,1996-01-03
50065,Grand-Saint-Esprit,M-Municipalité,1938-05-14
50072,Nicolet,V-Ville,2000-12-27
50085,La Visitation-de-Yamaska,M-Municipalité,1899-02-02
50090,Saint-Zéphirin-de-Courval,P-Municipalité de paroisse,1855-07-01
50095,Saint-Elphège,P-Municipalité de paroisse,1886-03-12
50100,Baie-du-Febvre,M-Municipalité,1983-03-26
50113,Pierreville,M-Municipalité,2001-06-13
50128,Saint-François-du-Lac,M-Municipalité,1997-12-31
50802,Odanak,R-Réserve indienne,1855-07-01
51008,Maskinongé,M-Municipalité,2001-04-25
51015,Louiseville,V-Ville,1988-12-31
51020,Yamachiche,M-Municipalité,1987-12-26
51025,Saint-Barnabé,P-Municipalité de paroisse,1855-07-01
51030,Saint-Sévère,P-Municipalité de paroisse,1855-07-01
51035,Saint-Léon-le-Grand,P-Municipalité de paroisse,1855-07-01
51040,Sainte-Ursule,M-Municipalité,1855-07-01
51045,Saint-Justin,M-Municipalité,1859-03-08
51050,Saint-Édouard-de-Maskinongé,M-Municipalité,1950-01-01
51055,Sainte-Angèle-de-Prémont,M-Municipalité,1917-08-28
51060,Saint-Paulin,M-Municipalité,1988-02-27
51065,Saint-Alexis-des-Monts,P-Municipalité de paroisse,1984-04-21
51070,Saint-Mathieu-du-Parc,M-Municipalité,2002-01-01
51075,Saint-Élie-de-Caxton,M-Municipalité,2002-01-01
51080,Charette,M-Municipalité,2002-01-01
51085,Saint-Boniface,M-Municipalité,2002-01-01
51090,Saint-Étienne-des-Grès,P-Municipalité de paroisse,2002-01-01
52007,Lavaltrie,V-Ville,2001-05-16
52017,Lanoraie,M-Municipalité,2000-12-06
52030,Sainte-Élisabeth,M-Municipalité,1855-07-01
52035,Berthierville,V-Ville,1855-07-01
52040,Sainte-Geneviève-de-Berthier,M-Municipalité,1855-07-01
52045,Saint-Ignace-de-Loyola,M-Municipalité,1897-02-11
52050,La Visitation-de-l'Île-Dupas,M-Municipalité,1855-07-01
52055,Saint-Barthélemy,P-Municipalité de paroisse,1855-07-01
52062,Saint-Cuthbert,M-Municipalité,1998-01-07
52070,Saint-Norbert,P-Municipalité de paroisse,1855-07-01
52075,Saint-Cléophas-de-Brandon,M-Municipalité,1898-01-01
52080,Saint-Gabriel,V-Ville,1892-12-17
52085,Saint-Gabriel-de-Brandon,M-Municipalité,1855-07-01
52090,Saint-Didace,P-Municipalité de paroisse,1863-08-27
52095,Mandeville,M-Municipalité,1905-01-01
53005,Saint-David,M-Municipalité,1855-07-01
53010,Massueville,VL-Municipalité de village,1903-03-25
53015,Saint-Aimé,M-Municipalité,1855-07-01
53020,Saint-Robert,M-Municipalité,1857-10-17
53025,Sainte-Victoire-de-Sorel,M-Municipalité,1855-07-01
53032,Saint-Ours,V-Ville,1991-04-17
53040,Saint-Roch-de-Richelieu,M-Municipalité,1859-06-04
53050,Saint-Joseph-de-Sorel,V-Ville,1907-05-01
53052,Sorel-Tracy,V-Ville,2000-03-15
53065,Sainte-Anne-de-Sorel,M-Municipalité,1877-05-14
53072,Yamaska,M-Municipalité,2001-12-19
53085,Saint-Gérard-Majella,P-Municipalité de paroisse,1908-01-01
54008,Saint-Pie,V-Ville,2003-02-28
54017,Saint-Damase,M-Municipalité,2001-10-05
54025,Sainte-Madeleine,VL-Municipalité de village,1919-12-30
54030,Sainte-Marie-Madeleine,P-Municipalité de paroisse,1879-08-13
54035,La Présentation,M-Municipalité,1855-07-01
54048,Saint-Hyacinthe,V-Ville,2001-12-27
54060,Saint-Dominique,M-Municipalité,1969-07-19
54065,Saint-Valérien-de-Milton,M-Municipalité,1864-01-01
54072,Saint-Liboire,M-Municipalité,1994-08-17
54090,Saint-Simon,M-Municipalité,1855-07-01
54095,Sainte-Hélène-de-Bagot,M-Municipalité,1977-07-09
54100,Saint-Hugues,M-Municipalité,1982-11-06
54105,Saint-Barnabé-Sud,M-Municipalité,1855-07-01
54110,Saint-Jude,M-Municipalité,1879-08-13
54115,Saint-Bernard-de-Michaudville,M-Municipalité,1908-08-31
54120,Saint-Louis,M-Municipalité,1881-08-29
54125,Saint-Marcel-de-Richelieu,M-Municipalité,1855-07-01
55008,Ange-Gardien,M-Municipalité,1997-12-31
55015,Saint-Paul-d'Abbotsford,M-Municipalité,1855-07-01
55023,Saint-Césaire,V-Ville,2000-01-26
55030,Sainte-Angèle-de-Monnoir,M-Municipalité,1865-03-15
55037,Rougemont,M-Municipalité,2000-01-26
55048,Marieville,V-Ville,2000-06-14
55057,Richelieu,V-Ville,2000-03-15
55065,Saint-Mathias-sur-Richelieu,M-Municipalité,1855-07-01
56005,Venise-en-Québec,M-Municipalité,1950-01-01
56010,Saint-Georges-de-Clarenceville,M-Municipalité,1989-12-27
56015,Noyan,M-Municipalité,1855-07-01
56023,Lacolle,M-Municipalité,2001-09-13
56030,Saint-Valentin,M-Municipalité,1855-07-01
56035,Saint-Paul-de-l'Île-aux-Noix,M-Municipalité,1898-11-18
56042,Henryville,M-Municipalité,1999-12-15
56050,Saint-Sébastien,M-Municipalité,1865-02-17
56055,Saint-Alexandre,M-Municipalité,1988-09-17
56060,Sainte-Anne-de-Sabrevois,P-Municipalité de paroisse,1898-03-01
56065,Saint-Blaise-sur-Richelieu,M-Municipalité,1892-08-20
56083,Saint-Jean-sur-Richelieu,V-Ville,2001-01-24
56097,Mont-Saint-Grégoire,M-Municipalité,1994-12-21
56105,Sainte-Brigide-d'Iberville,M-Municipalité,1855-07-01
57005,Chambly,V-Ville,1965-09-18
57010,Carignan,V-Ville,1855-07-01
57020,Saint-Basile-le-Grand,V-Ville,1871-06-15
57025,McMasterville,M-Municipalité,1917-07-31
57030,Otterburn Park,V-Ville,1855-07-01
57033,Saint-Jean-Baptiste,M-Municipalité,1998-11-04
57035,Mont-Saint-Hilaire,V-Ville,1966-03-18
57040,Beloeil,V-Ville,1903-12-09
57045,Saint-Mathieu-de-Beloeil,M-Municipalité,1855-07-01
57050,Saint-Marc-sur-Richelieu,M-Municipalité,1855-07-01
57057,Saint-Charles-sur-Richelieu,M-Municipalité,1995-03-22
57068,Saint-Denis-sur-Richelieu,M-Municipalité,1997-12-24
57075,Saint-Antoine-sur-Richelieu,M-Municipalité,1982-11-06
58007,Brossard,V-Ville,2006-01-01
58012,Saint-Lambert,V-Ville,2006-01-01
58033,Boucherville,V-Ville,2006-01-01
58037,Saint-Bruno-de-Montarville,V-Ville,2006-01-01
58227,Longueuil,V-Ville,2002-01-01
59010,Sainte-Julie,V-Ville,1855-07-01
59015,Saint-Amable,M-Municipalité,1921-06-13
59020,Varennes,V-Ville,1972-08-26
59025,Verchères,M-Municipalité,1971-09-18
59030,Calixa-Lavallée,M-Municipalité,1878-07-24
59035,Contrecoeur,V-Ville,1976-01-01
60005,Charlemagne,V-Ville,1906-11-13
60013,Repentigny,V-Ville,2002-06-01
60020,Saint-Sulpice,P-Municipalité de paroisse,1855-07-01
60028,L'Assomption,V-Ville,2000-07-01
60037,L'Épiphanie,V-Ville,2018-05-23
61005,Saint-Paul,M-Municipalité,1855-07-01
61013,Crabtree,M-Municipalité,1996-10-23
61020,Saint-Pierre,VL-Municipalité de village,1922-04-24
61025,Joliette,V-Ville,1966-11-12
61027,Saint-Thomas,M-Municipalité,1992-01-22
61030,Notre-Dame-des-Prairies,V-Ville,1957-07-01
61035,Saint-Charles-Borromée,V-Ville,1855-07-01
61040,Saint-Ambroise-de-Kildare,M-Municipalité,1855-07-01
61045,Notre-Dame-de-Lourdes,M-Municipalité,1925-10-28
61050,Sainte-Mélanie,M-Municipalité,1855-07-01
62007,Saint-Félix-de-Valois,M-Municipalité,1997-12-24
62015,Saint-Jean-de-Matha,M-Municipalité,1855-07-01
62020,Sainte-Béatrix,M-Municipalité,1864-05-11
62025,Saint-Alphonse-Rodriguez,M-Municipalité,1855-07-01
62030,Sainte-Marcelline-de-Kildare,M-Municipalité,1956-01-01
62037,Rawdon,M-Municipalité,1998-05-28
62047,Chertsey,M-Municipalité,1991-11-13
62053,Entrelacs,M-Municipalité,1991-02-13
62055,Notre-Dame-de-la-Merci,M-Municipalité,1950-01-01
62060,Saint-Donat,M-Municipalité,1905-01-01
62065,Saint-Côme,M-Municipalité,1873-01-01
62070,Sainte-Émélie-de-l'Énergie,M-Municipalité,1884-06-10
62075,Saint-Damien,P-Municipalité de paroisse,1870-09-06
62080,Saint-Zénon,M-Municipalité,1896-01-01
62085,Saint-Michel-des-Saints,M-Municipalité,1979-03-03
62802,Manawan,R-Réserve indienne,1855-07-01
62902,Lac-Minaki,NO-Territoire non organisé,1855-07-01
62904,Lac-Devenyns,NO-Territoire non organisé,1855-07-01
62906,Baie-de-la-Bouteille,NO-Territoire non organisé,1855-07-01
62908,Lac-Matawin,NO-Territoire non organisé,1855-07-01
62910,Lac-Legendre,NO-Territoire non organisé,1855-07-01
62912,Saint-Guillaume-Nord,NO-Territoire non organisé,1855-07-01
62914,Lac-des-Dix-Milles,NO-Territoire non organisé,1855-07-01
62916,Lac-Santé,NO-Territoire non organisé,1855-07-01
62918,Baie-Obaoca,NO-Territoire non organisé,1855-07-01
62919,Lac-Cabasta,NO-Territoire non organisé,1999-01-15
62920,Baie-Atibenne,NO-Territoire non organisé,1855-07-01
62922,Lac-du-Taureau,NO-Territoire non organisé,1855-07-01
63005,Sainte-Marie-Salomé,M-Municipalité,1888-12-27
63013,Saint-Jacques,M-Municipalité,1998-05-20
63023,Saint-Alexis,M-Municipalité,2012-12-19
63030,Saint-Esprit,M-Municipalité,1855-07-01
63035,Saint-Roch-de-l'Achigan,M-Municipalité,1855-07-01
63040,Saint-Roch-Ouest,M-Municipalité,1921-06-04
63048,Saint-Lin--Laurentides,V-Ville,2000-03-01
63055,Saint-Calixte,M-Municipalité,1855-07-01
63060,Sainte-Julienne,M-Municipalité,1855-07-01
63065,Saint-Liguori,M-Municipalité,1855-07-01
64008,Terrebonne,V-Ville,2001-06-27
64015,Mascouche,V-Ville,1855-07-01
65005,Laval,V-Ville,1965-08-06
66007,Montréal-Est,V-Ville,2006-01-01
66023,Montréal,V-Ville,2002-01-01
66032,Westmount,V-Ville,2006-01-01
66047,Montréal-Ouest,V-Ville,2006-01-01
66058,Côte-Saint-Luc,V-Ville,2006-01-01
66062,Hampstead,V-Ville,2006-01-01
66072,Mont-Royal,V-Ville,2006-01-01
66087,Dorval,V-Ville,2006-01-01
66092,L'Île-Dorval,V-Ville,2006-01-01
66097,Pointe-Claire,V-Ville,2006-01-01
66102,Kirkland,V-Ville,2006-01-01
66107,Beaconsfield,V-Ville,2006-01-01
66112,Baie-D'Urfé,V-Ville,2006-01-01
66117,Sainte-Anne-de-Bellevue,V-Ville,2006-01-01
66127,Senneville,VL-Municipalité de village,2006-01-01
66142,Dollard-Des Ormeaux,V-Ville,2006-01-01
67005,Saint-Mathieu,M-Municipalité,1917-08-01
67010,Saint-Philippe,V-Ville,1855-07-01
67015,La Prairie,V-Ville,1855-07-01
67020,Candiac,V-Ville,1957-01-31
67025,Delson,V-Ville,1918-01-04
67030,Sainte-Catherine,V-Ville,1937-10-30
67035,Saint-Constant,V-Ville,1855-07-01
67040,Saint-Isidore,P-Municipalité de paroisse,1855-07-01
67045,Mercier,V-Ville,1855-07-01
67050,Châteauguay,V-Ville,1975-06-19
67055,Léry,V-Ville,1914-06-01
67802,Kahnawake,R-Réserve indienne,1855-07-01
68005,Saint-Bernard-de-Lacolle,M-Municipalité,1855-07-01
68010,Hemmingford,VL-Municipalité de village,1878-01-01
68015,Hemmingford,CT-Municipalité de canton,1855-07-01
68020,Sainte-Clotilde,M-Municipalité,1885-04-02
68025,Saint-Patrice-de-Sherrington,M-Municipalité,1855-07-01
68030,Napierville,M-Municipalité,1855-02-21
68035,Saint-Cyprien-de-Napierville,M-Municipalité,1855-07-01
68040,Saint-Jacques-le-Mineur,M-Municipalité,1855-07-01
68045,Saint-Édouard,M-Municipalité,1855-07-01
68050,Saint-Michel,M-Municipalité,1855-07-01
68055,Saint-Rémi,V-Ville,1975-09-20
69005,Havelock,CT-Municipalité de canton,1863-04-01
69010,Franklin,M-Municipalité,1973-03-03
69017,Saint-Chrysostome,M-Municipalité,1999-09-29
69025,Howick,M-Municipalité,1915-11-29
69030,Très-Saint-Sacrement,P-Municipalité de paroisse,1885-04-02
69037,Ormstown,M-Municipalité,2000-01-26
69045,Hinchinbrooke,M-Municipalité,1855-07-01
69050,Elgin,M-Municipalité,1855-07-01
69055,Huntingdon,V-Ville,1855-07-01
69060,Godmanchester,CT-Municipalité de canton,1855-07-01
69065,Sainte-Barbe,M-Municipalité,1882-06-12
69070,Saint-Anicet,M-Municipalité,1855-07-01
69075,Dundee,CT-Municipalité de canton,1855-07-01
69802,Akwesasne,R-Réserve indienne,1855-07-01
70005,Saint-Urbain-Premier,M-Municipalité,1855-07-01
70012,Sainte-Martine,M-Municipalité,1999-09-08
70022,Beauharnois,V-Ville,2002-01-01
70030,Saint-Étienne-de-Beauharnois,M-Municipalité,1867-01-01
70035,Saint-Louis-de-Gonzague,P-Municipalité de paroisse,1855-07-01
70040,Saint-Stanislas-de-Kostka,M-Municipalité,1855-07-01
70052,Salaberry-de-Valleyfield,V-Ville,2002-04-24
71005,Rivière-Beaudette,M-Municipalité,1990-01-17
71015,Saint-Télesphore,M-Municipalité,1877-04-19
71020,Saint-Polycarpe,M-Municipalité,1988-12-31
71025,Saint-Zotique,M-Municipalité,1967-06-27
71033,Les Coteaux,M-Municipalité,1994-05-18
71040,Coteau-du-Lac,V-Ville,1982-02-06
71045,Saint-Clet,M-Municipalité,1974-08-31
71050,Les Cèdres,M-Municipalité,1985-03-09
71055,Pointe-des-Cascades,VL-Municipalité de village,1961-05-01
71060,L'Île-Perrot,V-Ville,1855-07-01
71065,Notre-Dame-de-l'Île-Perrot,V-Ville,1984-04-14
71070,Pincourt,V-Ville,1950-01-01
71075,Terrasse-Vaudreuil,M-Municipalité,1952-01-01
71083,Vaudreuil-Dorion,V-Ville,1994-03-16
71090,Vaudreuil-sur-le-Lac,VL-Municipalité de village,1920-05-19
71095,L'Île-Cadieux,V-Ville,1922-03-21
71100,Hudson,V-Ville,1969-06-07
71105,Saint-Lazare,V-Ville,1875-12-29
71110,Sainte-Marthe,M-Municipalité,1980-12-27
71115,Sainte-Justine-de-Newton,M-Municipalité,1855-07-01
71125,Très-Saint-Rédempteur,M-Municipalité,1880-12-30
71133,Rigaud,V-Ville,1995-11-29
71140,Pointe-Fortune,VL-Municipalité de village,1881-01-01
72005,Saint-Eustache,V-Ville,1972-01-15
72010,Deux-Montagnes,V-Ville,1921-08-18
72015,Sainte-Marthe-sur-le-Lac,V-Ville,1960-01-01
72020,Pointe-Calumet,M-Municipalité,1953-02-12
72025,Saint-Joseph-du-Lac,M-Municipalité,1855-07-01
72032,Oka,M-Municipalité,1999-09-08
72043,Saint-Placide,M-Municipalité,1994-08-03
72802,Kanesatake,EI-Établissement amérindien,1855-07-01
73005,Boisbriand,V-Ville,1946-01-01
73010,Sainte-Thérèse,V-Ville,1855-07-01
73015,Blainville,V-Ville,1855-07-01
73020,Rosemère,V-Ville,1947-01-01
73025,Lorraine,V-Ville,1960-02-04
73030,Bois-des-Filion,V-Ville,1949-01-01
73035,Sainte-Anne-des-Plaines,V-Ville,1855-07-01
74005,Mirabel,V-Ville,1971-01-01
75005,Saint-Colomban,V-Ville,1855-07-01
75017,Saint-Jérôme,V-Ville,2002-01-01
75028,Sainte-Sophie,M-Municipalité,2000-05-03
75040,Prévost,V-Ville,1973-01-20
75045,Saint-Hippolyte,M-Municipalité,1855-07-01
76008,Saint-André-d'Argenteuil,M-Municipalité,1999-12-29
76020,Lachute,V-Ville,1966-04-30
76025,Gore,CT-Municipalité de canton,1855-07-01
76030,Mille-Isles,M-Municipalité,1855-07-01
76035,Wentworth,CT-Municipalité de canton,1855-07-01
76043,Brownsburg-Chatham,V-Ville,1999-10-06
76052,Grenville-sur-la-Rouge,M-Municipalité,2002-04-24
76055,Grenville,VL-Municipalité de village,1876-01-01
76065,Harrington,CT-Municipalité de canton,1855-07-01
77011,Estérel,V-Ville,2006-01-01
77012,Sainte-Marguerite-du-Lac-Masson,V-Ville,2001-10-17
77022,Sainte-Adèle,V-Ville,1997-08-27
77030,Piedmont,M-Municipalité,1923-09-22
77035,Sainte-Anne-des-Lacs,P-Municipalité de paroisse,1946-03-28
77043,Saint-Sauveur,V-Ville,2002-09-11
77050,Morin-Heights,M-Municipalité,1855-07-01
77055,Lac-des-Seize-Îles,M-Municipalité,1914-02-19
77060,Wentworth-Nord,M-Municipalité,1958-01-01
77065,Saint-Adolphe-d'Howard,M-Municipalité,1883-01-01
78005,Val-Morin,M-Municipalité,1922-06-27
78010,Val-David,VL-Municipalité de village,1921-05-10
78015,Lantier,M-Municipalité,1948-01-01
78020,Sainte-Lucie-des-Laurentides,M-Municipalité,1874-01-01
78032,Sainte-Agathe-des-Monts,V-Ville,2002-02-27
78042,Ivry-sur-le-Lac,M-Municipalité,2006-01-01
78047,Saint-Faustin--Lac-Carré,M-Municipalité,1996-01-03
78050,Barkmere,V-Ville,1926-03-24
78055,Montcalm,M-Municipalité,1908-01-01
78060,Arundel,CT-Municipalité de canton,1878-01-01
78065,Huberdeau,M-Municipalité,1926-06-08
78070,Amherst,CT-Municipalité de canton,1887-03-09
78075,Brébeuf,P-Municipalité de paroisse,1910-06-04
78095,Lac-Supérieur,M-Municipalité,1881-01-01
78100,Val-des-Lacs,M-Municipalité,1932-02-06
78102,Mont-Tremblant,V-Ville,2000-11-22
78115,La Conception,M-Municipalité,1882-01-01
78120,Labelle,M-Municipalité,1973-01-27
78127,Lac-Tremblant-Nord,M-Municipalité,2006-01-01
78130,La Minerve,M-Municipalité,1892-12-30
78802,Doncaster,R-Réserve indienne,1855-07-01
79005,Notre-Dame-du-Laus,M-Municipalité,1876-01-01
79010,Notre-Dame-de-Pontmain,M-Municipalité,1895-01-01
79015,Lac-du-Cerf,M-Municipalité,1955-01-01
79022,Saint-Aimé-du-Lac-des-Îles,M-Municipalité,2006-01-01
79025,Kiamika,M-Municipalité,1898-01-31
79030,Nominingue,M-Municipalité,1971-10-30
79037,Rivière-Rouge,V-Ville,2002-12-18
79047,La Macaza,M-Municipalité,2006-01-01
79050,L'Ascension,M-Municipalité,1906-01-01
79060,Lac-Saguay,VL-Municipalité de village,1951-07-01
79065,Chute-Saint-Philippe,M-Municipalité,1940-10-26
79078,Lac-des-Écorces,M-Municipalité,2002-10-10
79088,Mont-Laurier,V-Ville,2003-01-08
79097,Ferme-Neuve,M-Municipalité,1997-12-24
79105,Lac-Saint-Paul,M-Municipalité,1922-09-11
79110,Mont-Saint-Michel,M-Municipalité,1928-09-11
79115,Sainte-Anne-du-Lac,M-Municipalité,1976-12-30
79902,Lac-de-la-Pomme,NO-Territoire non organisé,1855-07-01
79904,Lac-Akonapwehikan,NO-Territoire non organisé,1855-07-01
79906,Lac-Wagwabika,NO-Territoire non organisé,1855-07-01
79910,Lac-Bazinet,NO-Territoire non organisé,1855-07-01
79912,Lac-De La Bidière,NO-Territoire non organisé,1855-07-01
79914,Lac-Oscar,NO-Territoire non organisé,1855-07-01
79916,Lac-de-la-Maison-de-Pierre,NO-Territoire non organisé,1855-07-01
79920,Baie-des-Chaloupes,NO-Territoire non organisé,1855-07-01
79922,Lac-Douaire,NO-Territoire non organisé,1855-07-01
79924,Lac-Ernest,NO-Territoire non organisé,1855-07-01
79926,Lac-Marguerite,NO-Territoire non organisé,1855-07-01
80005,Fassett,M-Municipalité,1855-07-01
80010,Montebello,M-Municipalité,1878-08-29
80015,Notre-Dame-de-Bonsecours,M-Municipalité,1918-03-07
80020,Notre-Dame-de-la-Paix,M-Municipalité,1902-10-03
80027,Saint-André-Avellin,M-Municipalité,1997-12-17
80037,Papineauville,M-Municipalité,2000-11-29
80045,Plaisance,M-Municipalité,1900-10-31
80050,Thurso,V-Ville,1886-01-16
80055,Lochaber,CT-Municipalité de canton,1855-07-01
80060,Lochaber-Partie-Ouest,CT-Municipalité de canton,1892-01-01
80065,Mayo,M-Municipalité,1864-08-01
80070,Saint-Sixte,M-Municipalité,1894-01-01
80078,Ripon,M-Municipalité,2000-05-03
80085,Mulgrave-et-Derry,M-Municipalité,1870-01-01
80090,Montpellier,M-Municipalité,1920-10-11
80095,Lac-Simon,M-Municipalité,1881-01-01
80103,Chénéville,M-Municipalité,1996-08-21
80110,Namur,M-Municipalité,1964-01-01
80115,Boileau,M-Municipalité,1882-03-08
80125,Saint-Émile-de-Suffolk,M-Municipalité,1881-01-01
80130,Lac-des-Plages,M-Municipalité,1950-01-01
80135,Duhamel,M-Municipalité,1936-08-15
80140,Val-des-Bois,M-Municipalité,1885-01-01
80145,Bowman,M-Municipalité,1913-06-27
81017,Gatineau,V-Ville,2002-01-01
82005,L'Ange-Gardien,M-Municipalité,1980-01-01
82010,Notre-Dame-de-la-Salette,M-Municipalité,1980-01-01
82015,Val-des-Monts,M-Municipalité,1975-01-01
82020,Cantley,M-Municipalité,1989-01-01
82025,Chelsea,M-Municipalité,1875-01-01
82030,Pontiac,M-Municipalité,1975-01-01
82035,La Pêche,M-Municipalité,1975-01-01
83005,Denholm,M-Municipalité,1924-02-27
83010,Low,CT-Municipalité de canton,1858-01-01
83015,Kazabazua,M-Municipalité,1862-01-01
83020,Lac-Sainte-Marie,M-Municipalité,1872-01-01
83032,Gracefield,V-Ville,2002-03-13
83040,Cayamant,M-Municipalité,1906-10-10
83045,Blue Sea,M-Municipalité,1921-01-31
83050,Bouchette,M-Municipalité,1980-03-22
83055,Sainte-Thérèse-de-la-Gatineau,M-Municipalité,1946-01-01
83060,Messines,M-Municipalité,1921-08-19
83065,Maniwaki,V-Ville,1904-01-25
83070,Déléage,M-Municipalité,1881-01-01
83075,Egan-Sud,M-Municipalité,1920-11-17
83085,Bois-Franc,M-Municipalité,1920-11-17
83088,Montcerf-Lytton,M-Municipalité,2001-09-19
83090,Aumond,CT-Municipalité de canton,1877-12-12
83095,Grand-Remous,M-Municipalité,1937-04-29
83802,Kitigan Zibi,R-Réserve indienne,1855-07-01
83804,Lac-Rapide,R-Réserve indienne,1855-07-01
83902,Lac-Pythonga,NO-Territoire non organisé,1855-07-01
83904,Cascades-Malignes,NO-Territoire non organisé,1855-07-01
83906,Lac-Lenôtre,NO-Territoire non organisé,1855-07-01
83908,Lac-Moselle,NO-Territoire non organisé,1855-07-01
83912,Dépôt-Échouani,NO-Territoire non organisé,1855-07-01
84005,Bristol,M-Municipalité,1855-07-01
84010,Shawville,M-Municipalité,1874-01-01
84015,Clarendon,M-Municipalité,1855-07-01
84020,Portage-du-Fort,VL-Municipalité de village,1863-01-01
84025,Bryson,M-Municipalité,1873-01-01
84030,Campbell's Bay,M-Municipalité,1904-02-23
84035,L'Île-du-Grand-Calumet,M-Municipalité,1855-07-01
84040,Litchfield,M-Municipalité,1855-07-01
84045,Thorne,M-Municipalité,1860-01-01
84050,Alleyn-et-Cawood,M-Municipalité,1877-01-01
84055,Otter Lake,M-Municipalité,1877-01-01
84060,Fort-Coulonge,VL-Municipalité de village,1888-12-15
84065,Mansfield-et-Pontefract,M-Municipalité,1868-01-01
84070,Waltham,M-Municipalité,1859-01-01
84082,L'Isle-aux-Allumettes,M-Municipalité,1998-12-30
84090,Chichester,CT-Municipalité de canton,1857-01-01
84095,Sheenboro,M-Municipalité,1855-07-01
84100,Rapides-des-Joachims,M-Municipalité,1955-01-01
84902,Lac-Nilgaut,NO-Territoire non organisé,1855-07-01
85005,Témiscaming,V-Ville,1988-03-26
85010,Kipawa,M-Municipalité,1985-01-01
85015,Saint-Édouard-de-Fabre,P-Municipalité de paroisse,1913-01-01
85020,Béarn,M-Municipalité,1913-01-01
85025,Ville-Marie,V-Ville,1897-10-13
85030,Duhamel-Ouest,M-Municipalité,1921-02-25
85037,Lorrainville,M-Municipalité,1994-02-16
85045,Saint-Bruno-de-Guigues,M-Municipalité,1913-01-01
85052,Laverlochère-Angliers,M-Municipalité,2018-01-01
85055,Fugèreville,M-Municipalité,1905-01-01
85060,Latulipe-et-Gaboury,CU-Municipalité de cantons unis,1924-11-18
85065,Belleterre,V-Ville,1942-05-13
85070,Laforce,M-Municipalité,1979-01-01
85075,Moffet,M-Municipalité,1953-01-01
85085,Saint-Eugène-de-Guigues,M-Municipalité,1920-11-20
85090,Notre-Dame-du-Nord,M-Municipalité,1919-09-23
85095,Guérin,CT-Municipalité de canton,1911-11-08
85100,Nédélec,CT-Municipalité de canton,1909-02-01
85105,Rémigny,M-Municipalité,1978-01-01
85802,Kebaowek,R-Réserve indienne,1975-12-11
85803,Hunter's Point,EI-Établissement amérindien,1855-07-01
85804,Winneway,EI-Établissement amérindien,1855-07-01
85806,Timiskaming,R-Réserve indienne,1855-07-01
85905,Laniel,NO-Territoire non organisé,2005-10-31
85907,Les Lacs-du-Témiscamingue,NO-Territoire non organisé,2005-10-31
86042,Rouyn-Noranda,V-Ville,2002-01-01
87005,Duparquet,V-Ville,1933-04-13
87010,Rapide-Danseur,M-Municipalité,1981-01-01
87015,Roquemaure,M-Municipalité,1952-01-01
87020,Gallichan,M-Municipalité,1958-01-01
87025,Palmarolle,M-Municipalité,1930-01-14
87030,Sainte-Germaine-Boulé,M-Municipalité,1954-01-01
87035,Poularies,M-Municipalité,1924-05-07
87042,Taschereau,M-Municipalité,2001-12-27
87050,Authier,M-Municipalité,1918-09-20
87058,Macamic,V-Ville,2002-03-06
87070,Sainte-Hélène-de-Mancebourg,P-Municipalité de paroisse,1941-05-10
87075,Clerval,M-Municipalité,1927-09-12
87080,La Reine,M-Municipalité,1981-09-19
87085,Dupuy,M-Municipalité,1918-09-20
87090,La Sarre,V-Ville,1980-04-19
87095,Chazel,M-Municipalité,1938-02-19
87100,Authier-Nord,M-Municipalité,1983-01-01
87105,Val-Saint-Gilles,M-Municipalité,1939-04-01
87110,Clermont,CT-Municipalité de canton,1936-03-04
87115,Normétal,M-Municipalité,1945-01-01
87120,Saint-Lambert,P-Municipalité de paroisse,1938-05-14
87902,Lac-Duparquet,NO-Territoire non organisé,1855-07-01
87904,Rivière-Ojima,NO-Territoire non organisé,1855-07-01
88005,Champneuf,M-Municipalité,1964-01-01
88010,Rochebaucourt,M-Municipalité,1983-01-01
88015,La Morandière,M-Municipalité,1983-01-01
88022,Barraute,M-Municipalité,1994-01-05
88030,La Corne,M-Municipalité,1975-08-02
88035,Landrienne,CT-Municipalité de canton,1918-07-15
88040,Saint-Marc-de-Figuery,P-Municipalité de paroisse,1926-11-10
88045,La Motte,M-Municipalité,1921-05-30
88050,Saint-Mathieu-d'Harricana,M-Municipalité,1943-01-01
88055,Amos,V-Ville,1987-01-17
88060,Saint-Félix-de-Dalquier,M-Municipalité,1932-10-29
88065,Saint-Dominique-du-Rosaire,M-Municipalité,1978-01-01
88070,Berry,M-Municipalité,1982-01-01
88075,Trécesson,CT-Municipalité de canton,1918-07-15
88080,Launay,CT-Municipalité de canton,1921-05-18
88085,Sainte-Gertrude-Manneville,M-Municipalité,1980-01-01
88090,Preissac,M-Municipalité,1979-01-01
88802,Pikogan,R-Réserve indienne,1855-07-01
88902,Lac-Despinassy,NO-Territoire non organisé,1855-07-01
88904,Lac-Chicobi,NO-Territoire non organisé,1855-07-01
89008,Val-d'Or,V-Ville,2002-01-01
89010,Rivière-Héva,M-Municipalité,1982-01-01
89015,Malartic,V-Ville,1939-04-28
89040,Senneterre,V-Ville,1948-06-13
89045,Senneterre,P-Municipalité de paroisse,1923-03-23
89050,Belcourt,M-Municipalité,1918-10-24
89802,Kitcisakik,EI-Établissement amérindien,1855-07-01
89804,Lac-Simon,R-Réserve indienne,1855-07-01
89902,Matchi-Manitou,NO-Territoire non organisé,1855-07-01
89908,Lac-Metei,NO-Territoire non organisé,1855-07-01
89910,Réservoir-Dozois,NO-Territoire non organisé,1855-07-01
89912,Lac-Granet,NO-Territoire non organisé,1855-07-01
90012,La Tuque,V-Ville,2003-03-26
90017,La Bostonnais,M-Municipalité,2006-01-01
90027,Lac-Édouard,M-Municipalité,2006-01-01
90801,Coucoucache,R-Réserve indienne,1855-07-01
90802,Wemotaci,R-Réserve indienne,1855-07-01
90804,Obedjiwan,R-Réserve indienne,1855-07-01
91005,Lac-Bouchette,M-Municipalité,1971-09-25
91010,Saint-André-du-Lac-Saint-Jean,VL-Municipalité de village,1969-11-29
91015,Saint-François-de-Sales,M-Municipalité,1889-01-01
91020,Chambord,M-Municipalité,1973-12-08
91025,Roberval,V-Ville,1976-12-23
91030,Sainte-Hedwidge,M-Municipalité,1910-01-01
91035,Saint-Prime,M-Municipalité,1968-06-29
91042,Saint-Félicien,V-Ville,1996-06-12
91050,La Doré,P-Municipalité de paroisse,1907-01-01
91802,Mashteuiatsh,R-Réserve indienne,1855-07-01
91902,Lac-Ashuapmushuan,NO-Territoire non organisé,1855-07-01
92005,Saint-Augustin,P-Municipalité de paroisse,1925-05-14
92010,Péribonka,M-Municipalité,1909-01-01
92015,Sainte-Jeanne-d'Arc,VL-Municipalité de village,1970-01-24
92022,Dolbeau-Mistassini,V-Ville,1997-12-17
92030,Albanel,M-Municipalité,1990-04-11
92040,Normandin,V-Ville,1979-03-10
92045,Saint-Thomas-Didyme,M-Municipalité,1923-05-11
92050,Saint-Edmond-les-Plaines,M-Municipalité,1938-09-03
92055,Girardville,M-Municipalité,1921-11-11
92060,Notre-Dame-de-Lorette,M-Municipalité,1966-01-01
92065,Saint-Eugène-d'Argentenay,M-Municipalité,1923-11-14
92070,Saint-Stanislas,M-Municipalité,1931-10-24
92902,Passes-Dangereuses,NO-Territoire non organisé,1855-07-01
92904,Rivière-Mistassini,NO-Territoire non organisé,1855-07-01
93005,Desbiens,V-Ville,1926-08-16
93012,Métabetchouan--Lac-à-la-Croix,V-Ville,1999-01-06
93020,Hébertville,M-Municipalité,1972-12-16
93025,Hébertville-Station,VL-Municipalité de village,1903-02-18
93030,Saint-Bruno,M-Municipalité,1975-07-12
93035,Saint-Gédéon,M-Municipalité,1975-12-06
93042,Alma,V-Ville,2001-02-21
93045,Saint-Nazaire,M-Municipalité,1906-01-01
93055,Labrecque,M-Municipalité,1925-10-06
93060,Lamarche,M-Municipalité,1967-01-01
93065,L'Ascension-de-Notre-Seigneur,P-Municipalité de paroisse,1919-02-25
93070,Saint-Henri-de-Taillon,M-Municipalité,1904-01-01
93075,Sainte-Monique,M-Municipalité,1930-08-30
93080,Saint-Ludger-de-Milot,M-Municipalité,1947-01-01
93902,Mont-Apica,NO-Territoire non organisé,1855-07-01
93904,Lac-Moncouche,NO-Territoire non organisé,1855-07-01
93906,Lac-Achouakan,NO-Territoire non organisé,1855-07-01
93908,Belle-Rivière,NO-Territoire non organisé,1855-07-01
94068,Saguenay,V-Ville,2002-02-18
94205,Petit-Saguenay,M-Municipalité,2002-02-18
94210,L'Anse-Saint-Jean,M-Municipalité,2002-02-18
94215,Rivière-Éternité,M-Municipalité,2002-02-18
94220,Ferland-et-Boilleau,M-Municipalité,2002-02-18
94225,Saint-Félix-d'Otis,M-Municipalité,2002-02-18
94230,Sainte-Rose-du-Nord,P-Municipalité de paroisse,2002-02-18
94235,Saint-Fulgence,M-Municipalité,2002-02-18
94240,Saint-Honoré,V-Ville,2002-02-18
94245,Saint-David-de-Falardeau,M-Municipalité,2002-02-18
94250,Bégin,M-Municipalité,2002-02-18
94255,Saint-Ambroise,M-Municipalité,2002-02-18
94260,Saint-Charles-de-Bourget,M-Municipalité,2002-02-18
94265,Larouche,M-Municipalité,2002-02-18
94926,Lalemant,NO-Territoire non organisé,2002-02-18
94928,Lac-Ministuk,NO-Territoire non organisé,2002-02-18
94930,Mont-Valin,NO-Territoire non organisé,2002-02-18
95005,Tadoussac,VL-Municipalité de village,1899-10-10
95010,Sacré-Coeur,M-Municipalité,1973-06-30
95018,Les Bergeronnes,M-Municipalité,1999-12-29
95025,Les Escoumins,M-Municipalité,1863-05-05
95032,Longue-Rive,M-Municipalité,1997-05-28
95040,Portneuf-sur-Mer,M-Municipalité,1902-09-12
95045,Forestville,V-Ville,1980-01-05
95050,Colombier,M-Municipalité,1946-01-01
95802,Essipit,R-Réserve indienne,1855-07-01
95902,Lac-au-Brochet,NO-Territoire non organisé,1855-07-01
96005,Baie-Trinité,VL-Municipalité de village,1955-01-01
96010,Godbout,VL-Municipalité de village,1955-01-01
96015,Franquelin,M-Municipalité,1978-01-01
96020,Baie-Comeau,V-Ville,1983-01-01
96025,Pointe-Lebel,VL-Municipalité de village,1964-01-01
96030,Pointe-aux-Outardes,VL-Municipalité de village,1964-01-01
96035,Chute-aux-Outardes,VL-Municipalité de village,1951-03-07
96040,Ragueneau,P-Municipalité de paroisse,1951-03-07
96802,Pessamit,R-Réserve indienne,1855-07-01
96902,Rivière-aux-Outardes,NO-Territoire non organisé,1855-07-01
97007,Sept-Îles,V-Ville,2003-02-12
97022,Port-Cartier,V-Ville,2003-02-19
97035,Fermont,V-Ville,1974-10-19
97040,Schefferville,V-Ville,1955-08-01
97802,Uashat,R-Réserve indienne,1855-07-01
97804,Maliotenam,R-Réserve indienne,1855-07-01
97806,Kawawachikamach,TK-Terres réservées aux Naskapis,1981-03-04
97808,Matimekosh,R-Réserve indienne,1855-07-01
97810,Lac-John,R-Réserve indienne,1996-12-31
97902,Rivière-Nipissis,NO-Territoire non organisé,1855-07-01
97904,Lac-Walker,NO-Territoire non organisé,1855-07-01
97906,Rivière-Mouchalagane,NO-Territoire non organisé,1855-07-01
97908,Caniapiscau,NO-Territoire non organisé,1855-07-01
97912,Lac-Juillet,NO-Territoire non organisé,1855-07-01
97914,Lac-Vacher,NO-Territoire non organisé,1855-07-01
98005,Blanc-Sablon,M-Municipalité,1990-01-01
98010,Bonne-Espérance,M-Municipalité,1990-01-01
98012,Saint-Augustin,M-Municipalité,1993-01-01
98014,Gros-Mécatina,M-Municipalité,1994-01-01
98015,Côte-Nord-du-Golfe-du-Saint-Laurent,M-Municipalité,1963-06-22
98020,L'Île-d'Anticosti,M-Municipalité,1902-03-26
98025,Natashquan,M-Municipalité,1907-09-16
98030,Aguanish,M-Municipalité,1957-01-01
98035,Baie-Johan-Beetz,M-Municipalité,1966-01-01
98040,Havre-Saint-Pierre,M-Municipalité,1873-01-01
98045,Longue-Pointe-de-Mingan,M-Municipalité,1966-01-01
98050,Rivière-Saint-Jean,M-Municipalité,1966-01-01
98055,Rivière-au-Tonnerre,M-Municipalité,1925-12-14
98802,Pakuashipi,EI-Établissement amérindien,1855-07-01
98804,La Romaine,R-Réserve indienne,1855-07-01
98806,Nutashkuan,R-Réserve indienne,1855-07-01
98808,Mingan,R-Réserve indienne,1855-07-01
98904,Lac-Jérôme,NO-Territoire non organisé,1855-07-01
98912,Petit-Mécatina,NO-Territoire non organisé,2010-07-07
99005,Lebel-sur-Quévillon,V-Ville,1965-08-07
99010,Waswanipi,VC-Municipalité de village cri,1978-06-28
99015,Matagami,V-Ville,1963-04-01
99020,Chapais,V-Ville,1955-11-16
99025,Chibougamau,V-Ville,1952-11-08
99030,Mistissini,VC-Municipalité de village cri,1978-06-28
99035,Waskaganish,VC-Municipalité de village cri,1978-06-28
99040,Nemaska,VC-Municipalité de village cri,1978-06-28
99045,Eastmain,VC-Municipalité de village cri,1978-06-28
99050,Wemindji,VC-Municipalité de village cri,1978-06-28
99055,Chisasibi,VC-Municipalité de village cri,1978-06-28
99060,Gouvernement régional d'Eeyou Istchee Baie-James,M-Municipalité,1971-07-14
99065,Kawawachikamach,VK-Municipalité de village naskapi,1981-06-03
99070,Whapmagoostui,VC-Municipalité de village cri,1978-06-28
99075,Kuujjuarapik,VN-Municipalité de village nordique,1980-06-07
99080,Umiujaq,VN-Municipalité de village nordique,1986-12-20
99085,Inukjuak,VN-Municipalité de village nordique,1980-06-07
99090,Kangiqsualujjuaq,VN-Municipalité de village nordique,1980-02-02
99095,Kuujjuaq,VN-Municipalité de village nordique,1979-12-29
99100,Tasiujaq,VN-Municipalité de village nordique,1979-12-19
99105,Aupaluk,VN-Municipalité de village nordique,1980-02-02
99110,Kangirsuk,VN-Municipalité de village nordique,1981-01-17
99115,Quaqtaq,VN-Municipalité de village nordique,1980-11-01
99120,Puvirnituq,VN-Municipalité de village nordique,1989-09-02
99125,Akulivik,VN-Municipalité de village nordique,1979-12-29
99130,Kangiqsujuaq,VN-Municipalité de village nordique,1980-09-20
99135,Salluit,VN-Municipalité de village nordique,1979-12-29
99140,Ivujivik,VN-Municipalité de village nordique,1981-06-27
99802,Waswanipi,TC-Terres réservées aux Cris,1855-07-01
99804,Mistissini,TC-Terres réservées aux Cris,1855-07-01
99806,Waskaganish,TC-Terres réservées aux Cris,1855-07-01
99808,Nemaska,TC-Terres réservées aux Cris,1855-07-01
99810,Eastmain,TC-Terres réservées aux Cris,1855-07-01
99812,Wemindji,TC-Terres réservées aux Cris,1855-07-01
99814,Chisasibi,TC-Terres réservées aux Cris,1855-07-01
99816,Whapmagoostui,TC-Terres réservées aux Cris,1855-07-01
99818,Oujé-Bougoumou,TC-Terres réservées aux Cris,1989-11-28
99877,Kuujjuarapik,TI-Terres de la catégorie I pour les Inuits,2004-09-08
99878,Umiujaq,TI-Terres de la catégorie I pour les Inuits,2004-09-08
99879,Inukjuak,TI-Terres de la catégorie I pour les Inuits,1983-08-25
99883,Akulivik,TI-Terres de la catégorie I pour les Inuits,1983-08-25
99885,Ivujivik,TI-Terres de la catégorie I pour les Inuits,2015-06-10
99887,Salluit,TI-Terres de la catégorie I pour les Inuits,1983-08-25
99888,Kangiqsujuaq,TI-Terres de la catégorie I pour les Inuits,1983-08-25
99889,Quaqtaq,TI-Terres de la catégorie I pour les Inuits,1983-08-25
99890,Kangirsuk,TI-Terres de la catégorie I pour les Inuits,1983-08-25
99891,Aupaluk,TI-Terres de la catégorie I pour les Inuits,1983-08-25
99892,Tasiujaq,TI-Terres de la catégorie I pour les Inuits,1983-08-25
99893,Kuujjuaq,TI-Terres de la catégorie I pour les Inuits,1988-01-20
99894,Kangiqsualujjuaq,TI-Terres de la catégorie I pour les Inuits,1983-08-25
99902,Rivière-Koksoak,NO-Territoire non organisé,1855-07-01
99904,Baie-d'Hudson,NO-Territoire non organisé,1855-07-01
99910,Toponyme à venir,NO-Territoire non organisé,2014-01-01
99914,Toponyme à venir,NO-Territoire non organisé,2014-01-01
99916,Toponyme à venir,NO-Territoire non organisé,2014-01-01
99918,Toponyme à venir,NO-Territoire non organisé,2014-01-01
99920,Toponyme à venir,NO-Territoire non organisé,2014-01-01
99922,Toponyme à venir,NO-Territoire non organisé,2014-01-01
99924,Toponyme à venir,NO-Territoire non organisé,2014-01-01
